object,kind,reason
R3_door_magnet,purchased_envelope,purchased_or_reference_envelope
잠금_5065_프레임,purchased_envelope,purchased_or_reference_envelope
잠금_5065_코일,purchased_envelope,purchased_or_reference_envelope
잠금_5065_플랜지,purchased_envelope,purchased_or_reference_envelope
R3_lock_bolt_4p3mm,purchased_envelope,purchased_or_reference_envelope
잠금_S1_후퇴확인_NC,purchased_envelope,purchased_or_reference_envelope
잠금_S2_전진확인_NO,purchased_envelope,purchased_or_reference_envelope
R3_lock_base,metal_fabrication,metal_hardware_keep_metal
R3_door_keeper,metal_fabrication,metal_hardware_keep_metal
R3_D3_closed_reed,purchased_envelope,circuit_or_wiring
R3_Arduino_Nano,purchased_envelope,circuit_or_wiring
R3_Arduino_Nano_IC,purchased_envelope,circuit_or_wiring
R3_Arduino_Nano_spacer,print,circuit_or_wiring
R3_Arduino_Nano_spacer.001,print,circuit_or_wiring
R3_Nano_USB_internal,purchased_envelope,circuit_or_wiring
R3_HX711_5V_carrier,purchased_envelope,circuit_or_wiring
R3_HX711_5V_carrier_IC,purchased_envelope,circuit_or_wiring
R3_HX711_5V_carrier_spacer,print,circuit_or_wiring
R3_HX711_5V_carrier_spacer.001,print,circuit_or_wiring
R3_D24V10F5,purchased_envelope,circuit_or_wiring
R3_D24V10F5_IC,purchased_envelope,circuit_or_wiring
R3_D24V10F5_spacer,print,circuit_or_wiring
R3_D24V10F5_spacer.001,print,circuit_or_wiring
R3_MOSFET_driver,purchased_envelope,circuit_or_wiring
R3_MOSFET_driver_spacer,print,circuit_or_wiring
R3_MOSFET_driver_spacer.001,print,circuit_or_wiring
R3_IRLZ44N,purchased_envelope,circuit_or_wiring
R3_F1_T1A,purchased_envelope,circuit_or_wiring
R3_SB310,purchased_envelope,circuit_or_wiring
R3_BLE_3V3,purchased_envelope,circuit_or_wiring
R3_BLE_3V3_IC,purchased_envelope,circuit_or_wiring
R3_BLE_3V3_spacer,print,circuit_or_wiring
R3_BLE_3V3_spacer.001,print,circuit_or_wiring
R3_LDO_level_shift,purchased_envelope,circuit_or_wiring
R3_LDO_level_shift_IC,purchased_envelope,circuit_or_wiring
R3_LDO_level_shift_spacer,print,circuit_or_wiring
R3_LDO_level_shift_spacer.001,print,circuit_or_wiring
R3_D12_electronics_seated,purchased_envelope,circuit_or_wiring
R3_A3_panel_closed,purchased_envelope,circuit_or_wiring
R3_power_sense_100k33k,purchased_envelope,circuit_or_wiring
R3_power_sense_100k33k_IC,purchased_envelope,circuit_or_wiring
R3_power_sense_100k33k_spacer,print,circuit_or_wiring
R3_power_sense_100k33k_spacer.001,print,circuit_or_wiring
R3_bulk_cap,purchased_envelope,circuit_or_wiring
R3_bulk_cap.001,purchased_envelope,circuit_or_wiring
R3_D1_flyback,purchased_envelope,circuit_or_wiring
R3_12V_jack,purchased_envelope,circuit_or_wiring
R3_status_LED,purchased_envelope,circuit_or_wiring
R3_S1_adjustable_lever,wire_route,circuit_or_wiring
R3_S2_adjustable_lever,wire_route,circuit_or_wiring
R3_internal_manual_release,wire_route,circuit_or_wiring
J1_COIL,purchased_envelope,circuit_or_wiring
J2_LATCH,purchased_envelope,circuit_or_wiring
J3_CELL,purchased_envelope,circuit_or_wiring
J4_DECK,purchased_envelope,circuit_or_wiring
R3_CELL_SHIELDED,wire_route,circuit_or_wiring
R3_5V_to_HX,wire_route,circuit_or_wiring
R3_HX_CLOCK_DATA,wire_route,circuit_or_wiring
R3_12V_fused,wire_route,circuit_or_wiring
R3_COIL_pair,wire_route,circuit_or_wiring
R3_GND_star,wire_route,circuit_or_wiring
R3_BLE_UART,wire_route,circuit_or_wiring
R3_PANEL_switch,wire_route,circuit_or_wiring
R3_lock_M3,purchased_envelope,purchased_or_reference_envelope
R3_lock_M3.001,purchased_envelope,purchased_or_reference_envelope
R3_lock_M3.002,purchased_envelope,purchased_or_reference_envelope
R3_lock_M3.003,purchased_envelope,purchased_or_reference_envelope
R3_keeper_blind_M2p5,purchased_envelope,purchased_or_reference_envelope
R3_keeper_inside_head,purchased_envelope,purchased_or_reference_envelope
R3_keeper_blind_M2p5.001,purchased_envelope,purchased_or_reference_envelope
R3_keeper_inside_head.001,purchased_envelope,purchased_or_reference_envelope
R3_deck_inside_M3,purchased_envelope,purchased_or_reference_envelope
R3_deck_head,purchased_envelope,purchased_or_reference_envelope
R3_deck_inside_M3.001,purchased_envelope,purchased_or_reference_envelope
R3_deck_head.001,purchased_envelope,purchased_or_reference_envelope
R3_deck_inside_M3.002,purchased_envelope,purchased_or_reference_envelope
R3_deck_head.002,purchased_envelope,purchased_or_reference_envelope
R3_deck_inside_M3.003,purchased_envelope,purchased_or_reference_envelope
R3_deck_head.003,purchased_envelope,purchased_or_reference_envelope
R3_cell_fixed_M6,purchased_envelope,metal_hardware_keep_metal
R3_cell_fixed_M6.001,purchased_envelope,metal_hardware_keep_metal
R3_panel_inside_M3,purchased_envelope,purchased_or_reference_envelope
R3_panel_inside_head,purchased_envelope,purchased_or_reference_envelope
R3_panel_inside_M3.001,purchased_envelope,purchased_or_reference_envelope
R3_panel_inside_head.001,purchased_envelope,purchased_or_reference_envelope
R3_cell_fixed_pedestal,metal_fabrication,metal_hardware_keep_metal
R3_L6D_3kg_envelope,purchased_envelope,purchased_or_reference_envelope
R3_cell_loaded_spacer,metal_fabrication,metal_hardware_keep_metal
R4_lid_8mm_axle,metal_fabrication,metal_hardware_keep_metal
R4_lid_bearing_-3,purchased_envelope,purchased_or_reference_envelope
R4_lid_bearing_319,purchased_envelope,purchased_or_reference_envelope
R4_keyed_lid_hub_19,metal_fabrication,metal_hardware_keep_metal
R4_lid_hub_arm_19,metal_fabrication,metal_hardware_keep_metal
R4_keyed_lid_hub_293,metal_fabrication,metal_hardware_keep_metal
R4_lid_hub_arm_293,metal_fabrication,metal_hardware_keep_metal
R4_M1_horn,purchased_envelope,purchased_or_reference_envelope
R4_M1_20T_pulley,purchased_envelope,purchased_or_reference_envelope
R4_lid_60T_pulley,purchased_envelope,purchased_or_reference_envelope
R4_lid_spring_envelope_-38,purchased_envelope,purchased_or_reference_envelope
R4_lid_spring_envelope_333,purchased_envelope,purchased_or_reference_envelope
R4_lid_rotary_damper,purchased_envelope,purchased_or_reference_envelope
R4_open_stop_adjuster,metal_fabrication,metal_hardware_keep_metal
R4_lid_stop_arm,metal_fabrication,metal_hardware_keep_metal
R4_LID_OPEN_switch,purchased_envelope,circuit_or_wiring
R4_weighing_cradle,metal_fabrication,metal_hardware_keep_metal
R4_cradle_M6_123.25,purchased_envelope,purchased_or_reference_envelope
R4_cradle_M6_138.25,purchased_envelope,purchased_or_reference_envelope
R4_low_pickup_ear_24,metal_fabrication,metal_hardware_keep_metal
R4_low_pickup_ear_296,metal_fabrication,metal_hardware_keep_metal
R4_M2_LOW_motor_shaft,purchased_envelope,purchased_or_reference_envelope
R4_M2_LOW_Tr8x2_-22,purchased_envelope,purchased_or_reference_envelope
R4_M2_LOW_guide_-22,purchased_envelope,purchased_or_reference_envelope
R4_M2_LOW_Tr8_nut_-22,purchased_envelope,purchased_or_reference_envelope
R4_M2_LOW_guide_bush_-22,purchased_envelope,purchased_or_reference_envelope
R4_M2_LOW_20T_sync_-22,purchased_envelope,purchased_or_reference_envelope
R4_M2_LOW_HOME_-22,purchased_envelope,circuit_or_wiring
R4_M2_LOW_UPPER_-22,purchased_envelope,circuit_or_wiring
R4_M2_LOW_linear_feedback_-22,purchased_envelope,circuit_or_wiring
R4_M2_LOW_Tr8x2_346,purchased_envelope,purchased_or_reference_envelope
R4_M2_LOW_guide_346,purchased_envelope,purchased_or_reference_envelope
R4_M2_LOW_Tr8_nut_346,purchased_envelope,purchased_or_reference_envelope
R4_M2_LOW_guide_bush_346,purchased_envelope,purchased_or_reference_envelope
R4_M2_LOW_20T_sync_346,purchased_envelope,purchased_or_reference_envelope
R4_M2_LOW_HOME_346,purchased_envelope,circuit_or_wiring
R4_M2_LOW_UPPER_346,purchased_envelope,circuit_or_wiring
R4_M2_LOW_linear_feedback_346,purchased_envelope,circuit_or_wiring
R4_M2_LOW_6mm_lift_shaft,metal_fabrication,metal_hardware_keep_metal
R4_M2_LOW_coupler,purchased_envelope,purchased_or_reference_envelope
R4_M3_HIGH_motor_shaft,purchased_envelope,purchased_or_reference_envelope
R4_M3_HIGH_Tr8x2_-22,purchased_envelope,purchased_or_reference_envelope
R4_M3_HIGH_guide_-22,purchased_envelope,purchased_or_reference_envelope
R4_M3_HIGH_Tr8_nut_-22,purchased_envelope,purchased_or_reference_envelope
R4_M3_HIGH_guide_bush_-22,purchased_envelope,purchased_or_reference_envelope
R4_M3_HIGH_20T_sync_-22,purchased_envelope,purchased_or_reference_envelope
R4_M3_HIGH_HOME_-22,purchased_envelope,circuit_or_wiring
R4_M3_HIGH_UPPER_-22,purchased_envelope,circuit_or_wiring
R4_M3_HIGH_linear_feedback_-22,purchased_envelope,circuit_or_wiring
R4_M3_HIGH_Tr8x2_346,purchased_envelope,purchased_or_reference_envelope
R4_M3_HIGH_guide_346,purchased_envelope,purchased_or_reference_envelope
R4_M3_HIGH_Tr8_nut_346,purchased_envelope,purchased_or_reference_envelope
R4_M3_HIGH_guide_bush_346,purchased_envelope,purchased_or_reference_envelope
R4_M3_HIGH_20T_sync_346,purchased_envelope,purchased_or_reference_envelope
R4_M3_HIGH_HOME_346,purchased_envelope,circuit_or_wiring
R4_M3_HIGH_UPPER_346,purchased_envelope,circuit_or_wiring
R4_M3_HIGH_linear_feedback_346,purchased_envelope,circuit_or_wiring
R4_M3_HIGH_6mm_lift_shaft,metal_fabrication,metal_hardware_keep_metal
R4_high_roller_24,purchased_envelope,purchased_or_reference_envelope
R4_high_roller_296,purchased_envelope,purchased_or_reference_envelope
R4_M3_HIGH_coupler,purchased_envelope,purchased_or_reference_envelope
R4_M1_XM430_W350_T,purchased_envelope,purchased_or_reference_envelope
R4_M2_LOW_17HS13_motor,purchased_envelope,purchased_or_reference_envelope
R4_M3_HIGH_17HS13_motor,purchased_envelope,purchased_or_reference_envelope
R4_M1_belt_run_A,route_envelope,purchased_or_reference_envelope
R4_M1_belt_run_B,route_envelope,purchased_or_reference_envelope
R4_D3_wire,route_envelope,circuit_or_wiring
R4_M2_LOW_sync_belt_-1,route_envelope,purchased_or_reference_envelope
R4_M2_LOW_sync_belt_1,route_envelope,purchased_or_reference_envelope
R4_M3_HIGH_sync_belt_-1,route_envelope,purchased_or_reference_envelope
R4_M3_HIGH_sync_belt_1,route_envelope,purchased_or_reference_envelope
R4_motor_supply_route,route_envelope,circuit_or_wiring
R4_M1_signal_route,route_envelope,circuit_or_wiring
R4_M2_power_route,route_envelope,circuit_or_wiring
R4_M3_power_route,route_envelope,circuit_or_wiring
R4_A4_stack_reference,reference_only,purchased_or_reference_envelope
R4_motion_MCU,purchased_envelope,circuit_or_wiring
R4_M2_current_driver,purchased_envelope,circuit_or_wiring
R4_M3_current_driver,purchased_envelope,circuit_or_wiring
R4_protected_power_branches,purchased_envelope,circuit_or_wiring
R4_carry_handle_front,metal_fabrication,metal_hardware_keep_metal
R4_handle_front_M4_92_12,purchased_envelope,purchased_or_reference_envelope
R4_handle_front_M4_92_12_washer,purchased_envelope,purchased_or_reference_envelope
R4_handle_front_M4_92_12_locknut,purchased_envelope,purchased_or_reference_envelope
R4_handle_front_M4_92_28,purchased_envelope,purchased_or_reference_envelope
R4_handle_front_M4_92_28_washer,purchased_envelope,purchased_or_reference_envelope
R4_handle_front_M4_92_28_locknut,purchased_envelope,purchased_or_reference_envelope
R4_handle_front_M4_199_12,purchased_envelope,purchased_or_reference_envelope
R4_handle_front_M4_199_12_washer,purchased_envelope,purchased_or_reference_envelope
R4_handle_front_M4_199_12_locknut,purchased_envelope,purchased_or_reference_envelope
R4_handle_front_M4_199_28,purchased_envelope,purchased_or_reference_envelope
R4_handle_front_M4_199_28_washer,purchased_envelope,purchased_or_reference_envelope
R4_handle_front_M4_199_28_locknut,purchased_envelope,purchased_or_reference_envelope
R4_carry_handle_rear,metal_fabrication,metal_hardware_keep_metal
R4_handle_rear_M4_92_12,purchased_envelope,purchased_or_reference_envelope
R4_handle_rear_M4_92_12_washer,purchased_envelope,purchased_or_reference_envelope
R4_handle_rear_M4_92_12_locknut,purchased_envelope,purchased_or_reference_envelope
R4_handle_rear_M4_92_28,purchased_envelope,purchased_or_reference_envelope
R4_handle_rear_M4_92_28_washer,purchased_envelope,purchased_or_reference_envelope
R4_handle_rear_M4_92_28_locknut,purchased_envelope,purchased_or_reference_envelope
R4_handle_rear_M4_199_12,purchased_envelope,purchased_or_reference_envelope
R4_handle_rear_M4_199_12_washer,purchased_envelope,purchased_or_reference_envelope
R4_handle_rear_M4_199_12_locknut,purchased_envelope,purchased_or_reference_envelope
R4_handle_rear_M4_199_28,purchased_envelope,purchased_or_reference_envelope
R4_handle_rear_M4_199_28_washer,purchased_envelope,purchased_or_reference_envelope
R4_handle_rear_M4_199_28_locknut,purchased_envelope,purchased_or_reference_envelope
