name,kind,xmin,ymin,zmin,xmax,ymax,zmax
셸_격납슬롯내벽,print,13.5,12.000999450683594,6.0,19.5,311.9989929199219,70.0
R3_base_255x324,sheet_fabrication,0.0,0.0,0.0,255.0,324.0,6.0
R3_front_wall,print,0.0,0.0,6.0,255.0,6.0,78.0
R3_rear_wall,print,0.0,318.0,6.0,255.0,324.0,78.0
R3_right_wall,print,243.0,6.0,6.0,255.0,318.0,70.0
R3_front_top_seal,print,22.0,6.0,64.0,251.5,12.0,78.0
R3_rear_top_seal,print,22.0,312.0,64.0,251.5,318.0,78.0
R3_right_top_seal,print,251.5,6.0,70.0,255.0,318.0,78.0
R3_deck_support,print,24.0,78.0,6.0,30.0,86.0,41.0
R3_deck_support.001,print,235.0,78.0,6.0,241.0,86.0,41.0
R3_deck_support.002,print,24.0,238.0,6.0,30.0,246.0,41.0
R3_deck_support.003,print,235.0,238.0,6.0,241.0,246.0,41.0
R3_captive_front_panel,print,24.400001525878906,1.0,8.0,240.60000610351562,20.0,39.0
R3_fixed_electronics_deck,sheet_fabrication,22.0,6.0,41.0,243.0,318.0,44.0
R3_overload_stop,print,26.5,25.5,44.0,31.5,30.5,47.19999694824219
R3_overload_stop.001,print,230.0,25.5,44.0,235.0,30.5,47.19999694824219
R3_overload_stop.002,print,26.5,303.5,44.0,31.5,308.5,47.19999694824219
R3_overload_stop.003,print,230.0,303.5,44.0,235.0,308.5,47.19999694824219
도어_가이드판_앞,metal_fabrication,0.0,6.0,6.0,22.0,12.0,78.0
도어_가이드판_뒤,metal_fabrication,0.0,312.0,6.0,22.0,318.0,78.0
도어_본체,machined_part,5.0,12.5,70.0,251.0,311.5,78.0
도어_숄더볼트_앞,purchased_envelope,6.5,6.5,71.5,11.5,22.0,76.5
도어_숄더볼트_뒤,purchased_envelope,6.5,302.0,71.5,11.5,317.5,76.5
R3_door_magnet,purchased_envelope,234.5,278.5,70.0,240.5,285.5,72.0
잠금_5065_프레임,purchased_envelope,209.00001525878906,49.20000076293945,20.0,236.00001525878906,70.80001068115234,37.5
잠금_5065_코일,purchased_envelope,211.00001525878906,52.500003814697266,23.0,233.50001525878906,67.50000762939453,35.5
잠금_5065_플랜지,purchased_envelope,209.00001525878906,46.000003814697266,20.0,236.00001525878906,74.00000762939453,21.0
R3_lock_bolt_4p3mm,purchased_envelope,234.50001525878906,57.500003814697266,23.5,242.00001525878906,62.500003814697266,33.5
잠금_S1_후퇴확인_NC,purchased_envelope,237.00001525878906,86.70000457763672,16.5,242.80001831054688,99.50000762939453,23.0
잠금_S2_전진확인_NO,purchased_envelope,236.00001525878906,30.0000057220459,16.5,241.80001831054688,42.799991607666016,23.0
R3_lock_base,metal_fabrication,205.0,44.0,12.0,238.0,77.0,20.0
R3_door_keeper,metal_fabrication,239.0,52.0,20.500001907348633,250.0,68.0,71.5
R3_D3_closed_reed,purchased_envelope,235.0,273.0,64.0,241.0,289.0,67.0
R3_D4_stowed_reed,purchased_envelope,14.5,148.0,7.0,18.799999237060547,164.0,11.0
R3_Arduino_Nano,purchased_envelope,39.0,20.0,13.0,57.0,65.0,14.600000381469727
R3_Arduino_Nano_IC,purchased_envelope,43.5,33.5,14.600000381469727,50.69999694824219,49.25,16.5
R3_Arduino_Nano_spacer,print,39.0,20.0,9.0,43.0,24.0,13.0
R3_Arduino_Nano_spacer.001,print,53.0,61.0,9.0,57.0,65.0,13.0
R3_Nano_USB_internal,purchased_envelope,42.0,13.0,14.59999942779541,54.0,23.0,22.0
R3_HX711_5V_carrier,purchased_envelope,45.0,117.0,13.0,79.0,138.0,14.600000381469727
R3_HX711_5V_carrier_IC,purchased_envelope,53.5,123.29999542236328,14.600000381469727,67.0999984741211,130.64999389648438,16.5
R3_HX711_5V_carrier_spacer,print,45.0,117.0,9.0,49.0,121.0,13.0
R3_HX711_5V_carrier_spacer.001,print,75.0,134.0,9.0,79.0,138.0,13.0
R3_D24V10F5,purchased_envelope,161.0,25.0,13.0,179.0,38.0,14.600000381469727
R3_D24V10F5_IC,purchased_envelope,165.5,28.899999618530273,14.600000381469727,172.70001220703125,33.45000076293945,16.5
R3_D24V10F5_spacer,print,161.0,25.0,9.0,165.0,29.0,13.0
R3_D24V10F5_spacer.001,print,175.0,34.0,9.0,179.0,38.0,13.0
R3_MOSFET_driver,purchased_envelope,166.0,80.0,13.0,197.0,108.0,14.600000381469727
R3_MOSFET_driver_spacer,print,166.0,80.0,9.0,170.0,84.0,13.0
R3_MOSFET_driver_spacer.001,print,193.0,104.0,9.0,197.0,108.0,13.0
R3_IRLZ44N,purchased_envelope,170.0,86.0,14.59999942779541,180.0,90.5,32.0
R3_F1_T1A,purchased_envelope,166.0,15.0,12.0,189.0,24.0,20.0
R3_SB310,purchased_envelope,159.0,46.0,13.0,171.0,51.0,18.0
R3_BLE_3V3,purchased_envelope,39.0,273.0,13.0,66.0,286.0,14.600000381469727
R3_BLE_3V3_IC,purchased_envelope,45.75,276.8999938964844,14.600000381469727,56.55000305175781,281.4499816894531,16.5
R3_BLE_3V3_spacer,print,39.0,273.0,9.0,43.0,277.0,13.0
R3_BLE_3V3_spacer.001,print,62.0,282.0,9.0,66.0,286.0,13.0
R3_LDO_level_shift,purchased_envelope,39.0,237.0,13.0,64.0,255.0,14.600000381469727
R3_LDO_level_shift_IC,purchased_envelope,45.25,242.40000915527344,14.600000381469727,55.25,248.6999969482422,16.5
R3_LDO_level_shift_spacer,print,39.0,237.0,9.0,43.0,241.0,13.0
R3_LDO_level_shift_spacer.001,print,60.0,251.0,9.0,64.0,255.0,13.0
R3_D12_electronics_seated,purchased_envelope,30.0,298.0,18.0,43.0,304.0,25.0
R3_A3_panel_closed,purchased_envelope,67.0,6.0,29.0,80.0,12.0,35.0
R3_power_sense_100k33k,purchased_envelope,166.0,119.0,13.0,191.0,133.0,14.600000381469727
R3_power_sense_100k33k_IC,purchased_envelope,172.25,123.20000457763672,14.600000381469727,182.25,128.10000610351562,16.5
R3_power_sense_100k33k_spacer,print,166.0,119.0,9.0,170.0,123.0,13.0
R3_power_sense_100k33k_spacer.001,print,187.0,129.0,9.0,191.0,133.0,13.0
R3_bulk_cap,purchased_envelope,153.5,53.5,13.0,160.5,60.5,22.0
R3_bulk_cap.001,purchased_envelope,176.5,53.5,13.0,183.5,60.5,22.0
R3_D1_flyback,purchased_envelope,237.6999969482422,28.0,25.700000762939453,240.3000030517578,33.0,28.299999237060547
R3_12V_jack,purchased_envelope,174.0,2.0,19.0,182.0,13.0,27.0
R3_status_LED,purchased_envelope,66.5,1.5,22.5,69.5,6.5,25.5
도어_격납자석,purchased_envelope,7.5,154.5,72.5,10.5,157.5,75.5
J1_COIL,purchased_envelope,200.0,85.0,12.0,218.0,92.0,21.0
J2_LATCH,purchased_envelope,199.0,120.0,12.0,217.0,127.0,21.0
J3_CELL,purchased_envelope,82.0,119.0,12.0,100.0,126.0,21.0
J4_DECK,purchased_envelope,49.0,218.0,12.0,67.0,225.0,21.0
R3_lock_M3,purchased_envelope,212.0,47.70000076293945,19.0,215.0,50.70000076293945,22.0
R3_lock_M3.001,purchased_envelope,212.0,69.30000305175781,19.0,215.0,72.30000305175781,22.0
R3_lock_M3.002,purchased_envelope,230.0,47.70000076293945,19.0,233.0,50.70000076293945,22.0
R3_lock_M3.003,purchased_envelope,230.0,69.30000305175781,19.0,233.0,72.30000305175781,22.0
R3_keeper_blind_M2p5,purchased_envelope,244.75,53.25,69.79999542236328,247.25,55.75,75.5999984741211
R3_keeper_inside_head,purchased_envelope,243.64999389648438,52.150001525878906,67.80000305175781,248.35000610351562,56.849998474121094,69.80000305175781
R3_keeper_blind_M2p5.001,purchased_envelope,244.75,64.25,69.79999542236328,247.25,66.75,75.5999984741211
R3_keeper_inside_head.001,purchased_envelope,243.64999389648438,63.150001525878906,67.80000305175781,248.35000610351562,67.8499984741211,69.80000305175781
R3_deck_inside_M3,purchased_envelope,25.5,80.5,36.0,28.5,83.5,44.0
R3_deck_head,purchased_envelope,24.200000762939453,79.19999694824219,44.0,29.799999237060547,84.80000305175781,46.400001525878906
R3_deck_inside_M3.001,purchased_envelope,236.5,80.5,36.0,239.5,83.5,44.0
R3_deck_head.001,purchased_envelope,235.1999969482422,79.19999694824219,44.0,240.8000030517578,84.80000305175781,46.400001525878906
R3_deck_inside_M3.002,purchased_envelope,25.5,240.5,36.0,28.5,243.5,44.0
R3_deck_head.002,purchased_envelope,24.200000762939453,239.1999969482422,44.0,29.799999237060547,244.8000030517578,46.400001525878906
R3_deck_inside_M3.003,purchased_envelope,236.5,240.5,36.0,239.5,243.5,44.0
R3_deck_head.003,purchased_envelope,235.1999969482422,239.1999969482422,44.0,240.8000030517578,244.8000030517578,46.400001525878906
R3_cell_loaded_M6,purchased_envelope,117.94999694824219,154.6999969482422,30.0,128.5500030517578,165.3000030517578,50.95000076293945
R3_cell_loaded_M6.001,purchased_envelope,132.9499969482422,154.6999969482422,30.0,143.5500030517578,165.3000030517578,50.95000076293945
R3_cell_fixed_M6,purchased_envelope,117.94999694824219,48.70000076293945,0.40000057220458984,128.5500030517578,59.29999923706055,21.0
R3_cell_fixed_M6.001,purchased_envelope,132.9499969482422,48.70000076293945,0.40000057220458984,143.5500030517578,59.29999923706055,21.0
R3_panel_inside_M3,purchased_envelope,27.5,14.5,33.0,30.5,17.5,44.0
R3_panel_inside_head,purchased_envelope,26.200000762939453,13.199999809265137,44.0,31.799999237060547,18.799999237060547,46.400001525878906
R3_panel_inside_M3.001,purchased_envelope,233.5,14.5,33.0,236.5,17.5,44.0
R3_panel_inside_head.001,purchased_envelope,232.1999969482422,13.199999809265137,44.0,237.8000030517578,18.799999237060547,46.400001525878906
R3_optional_power_space,annotation,92.0,218.0,8.0,227.0,291.0,33.0
R3_single_weighing_tray,sheet_fabrication,24.0,8.0,48.0,237.5,316.0,51.0
R3_cell_fixed_pedestal,metal_fabrication,112.75,42.0,6.0,148.75,67.0,14.0
R3_L6D_3kg_envelope,purchased_envelope,115.75,42.0,14.0,145.75,172.0,36.0
R3_cell_loaded_spacer,metal_fabrication,115.75,147.0,36.0,145.75,172.0,48.0
